{
    "id": "eda7720b-830c-4e9c-8716-9773e15da160",
    "address": "",
    "address6": "fd00::ffff:ffff:ffff:ffff",
    "localaddress": "",
    "name": "netmaker-1",
    "networksettings": {
      "addressrange": "",
      "addressrange6": "fd00::/64",
      "netid": "onaw",
      "nodeslastmodified": 1668594644,
      "networklastmodified": 1668594644,
      "defaultinterface": "nm-onaw",
      "defaultlistenport": 51821,
      "nodelimit": 999999999,
      "defaultpostup": "",
      "defaultpostdown": "",
      "defaultkeepalive": 20,
      "accesskeys": [],
      "allowmanualsignup": "no",
      "isipv4": "no",
      "isipv6": "yes",
      "ispointtosite": "no",
      "defaultudpholepunch": "yes",
      "defaultextclientdns": "",
      "defaultmtu": 1280,
      "defaultacl": "yes",
      "prosettings": {
        "defaultaccesslevel": 3,
        "defaultusernodelimit": 0,
        "defaultuserclientlimit": 0,
        "allowedusers": [],
        "allowedgroups": [
          "*"
        ]
      }
    },
    "listenport": 51823,
    "locallistenport": 0,
    "publickey": "xuLSz/ady+E6hK36cJiCzFp5tByBjnoZid54kHp9MVY=",
    "endpoint": "134.209.145.214",
    "postup": "",
    "postdown": "",
    "allowedips": null,
    "persistentkeepalive": 20,
    "ishub": "no",
    "accesskey": "",
    "interface": "nm-onaw",
    "lastmodified": 1669114997,
    "expdatetime": 1968594644,
    "lastpeerupdate": 1668594644,
    "lastcheckin": 1669114997,
    "macaddress": "netmaker-server-1",
    "password": "$2a$05$CrRlIbQkuQFQBs1A4wdhX.ar90lTRV9x.4IapTZV.FBaDmVyMukIG",
    "network": "onaw",
    "isrelayed": "no",
    "ispending": "no",
    "isrelay": "no",
    "isdocker": "no",
    "isk8s": "no",
    "isegressgateway": "no",
    "isingressgateway": "no",
    "egressgatewayranges": null,
    "egressgatewaynatenabled": "",
    "egressgatewayrequest": {
      "nodeid": "",
      "netid": "",
      "natenabled": "",
      "ranges": null,
      "interface": "",
      "postup": "",
      "postdown": ""
    },
    "relayaddrs": null,
    "failovernode": "",
    "ingressgatewayrange": "",
    "ingressgatewayrange6": "",
    "isstatic": "yes",
    "udpholepunch": "no",
    "dnson": "no",
    "isserver": "yes",
    "action": "noop",
    "ipforwarding": "yes",
    "os": "linux",
    "mtu": 1280,
    "version": "v0.16.1",
    "server": "",
    "traffickeys": {
      "mine": null,
      "server": null
    },
    "firewallinuse": "iptables",
    "internetgateway": "",
    "connected": "yes",
    "defaultacl": "yes",
    "failover": "no"
  }